LAST_NAME,FIRST_NAME,LOGIN,PASSWORD,EMAIL
Silver,John,jsilver,Password1,jsilver@company.com
Smith,Andrew,asmith,Password2,asmith@company.com
Siskin,Peter,psiskin,Password3,psiskin@company.com
Oldfield,Ben,boldfield,Password4,boldfield@company.com
Baddeley,Jane,jbaddeley,Password5,jbaddeley@company.com
Bloodsworth,Helen,hbloodsworth,81QE1RO98M,hbloodsworth@company.com
Coleman,Kate,kcoleman,D0O4IAYOX0,kcoleman@company.com
Gabbard,Michael,mgabbard,CDUEND3SMX,mgabbard@company.com
Laycock,Harry,hlaycock,GCH425XAM6,hlaycock@company.com
Stockdale,Hamilton,hstockdale,ZD3PZHP2E7,hstockdale@company.com